parameter,true_value,estimated_value,standard_error
alpha0,-0.6,-0.5846296241418953,0.013461640232384138
alpha1,1.0,0.9805893107371645,0.011755533422989158
tau1,274.0,273.3547635195789,0.543567708123827
sigma,1.0,0.9967102353745392,0.0054220594832278075
alpha2,-5e-06,-1.0427259709418776e-05,6.267850995911219e-07
