alpha0,alpha1,tau1,sigma,alpha2,simulation
-0.6043130625154054,0.9941185490990944,273.99718396044017,0.9991177830324524,-9.867496968838681e-06,1
-0.592149998273468,1.0107045491301414,274.00532746429263,1.001605680839718,-1.012137134625801e-05,2
-0.601679881552783,0.9977092510406482,273.99998351463177,0.999656388570935,-9.904256145597695e-06,3
-0.6007521754725796,0.9989743052354849,273.99932945960023,0.9998461459395879,-1.029553509029188e-05,4
-0.5958878254745006,1.005607510834573,274.0001399684426,1.0008411262456898,-1.0364436504117246e-05,5
