simulation,runtime_seconds,success
1,35.86573600769043,True
2,73.16195678710938,True
3,36.3678081035614,True
4,32.76813793182373,True
5,76.45808482170105,True
