simulation,runtime_seconds,success
1,0.32025885581970215,True
2,0.578803300857544,True
3,0.31810927391052246,True
4,0.29816412925720215,True
5,0.5409507751464844,True
